GAME_DATE_EST,GAME_ID,SEASON,HOME_TEAM_ID,OPP_TEAM_ID,WL,PTS_L5,FG_PCT_L5,FT_PCT_L5,FG3_PCT_L5,AST_L5,REB_L5,WL_L5,PTS_L10,FG_PCT_L10,FT_PCT_L10,FG3_PCT_L10,AST_L10,REB_L10,WL_L10,REST_DAYS_TEAM,B2B_TEAM,WIN_STREAK,PTS_L5_OPP,FG_PCT_L5_OPP,FT_PCT_L5_OPP,FG3_PCT_L5_OPP,AST_L5_OPP,REB_L5_OPP,WL_L5_OPP,PTS_L10_OPP,FG_PCT_L10_OPP,FT_PCT_L10_OPP,FG3_PCT_L10_OPP,AST_L10_OPP,REB_L10_OPP,WL_L10_OPP,REST_DAYS_TEAM_OPP,B2B_TEAM_OPP,WIN_STREAK_OPP,PTS_L5_DIFF,FG_PCT_L5_DIFF,FT_PCT_L5_DIFF,FG3_PCT_L5_DIFF,AST_L5_DIFF,REB_L5_DIFF,WL_L5_DIFF,PTS_L10_DIFF,FG_PCT_L10_DIFF,FT_PCT_L10_DIFF,FG3_PCT_L10_DIFF,AST_L10_DIFF,REB_L10_DIFF,WL_L10_DIFF,REST_DAYS_TEAM_DIFF,B2B_TEAM_DIFF,WIN_STREAK_DIFF
2004-12-22,20400373,2004,1610612749,1610612757,0,91.2,0.3872,0.7582000000000001,0.4218,19.0,45.0,0.2,91.4,0.4147,0.7663,0.35609999999999997,19.7,42.2,0.2,4.0,0,0,87.8,0.45380000000000004,0.6324,0.34600000000000003,22.6,40.0,0.4,90.1,0.43200000000000005,0.7328,0.327,20.7,42.5,0.4,2.0,0,0,3.4000000000000057,-0.06660000000000005,0.12580000000000013,0.07579999999999998,-3.6000000000000014,5.0,-0.2,1.3000000000000114,-0.017300000000000038,0.033499999999999974,0.02909999999999996,-1.0,-0.29999999999999716,-0.2,2.0,0,0
2019-02-05,21800800,2018,1610612755,1610612761,0,114.8,0.45640000000000003,0.7729999999999999,0.3628,29.2,44.4,0.6,118.7,0.4827,0.7899999999999999,0.3823,29.5,48.5,0.7,3.0,0,0,112.2,0.4396,0.8507999999999999,0.3458,23.2,46.2,0.4,115.9,0.4544,0.8246,0.34530000000000005,24.3,45.4,0.6,2.0,0,1,2.5999999999999943,0.016800000000000037,-0.07779999999999998,0.017000000000000015,6.0,-1.8000000000000043,0.19999999999999996,2.799999999999997,0.028299999999999992,-0.034600000000000075,0.03699999999999992,5.199999999999999,3.1000000000000014,0.09999999999999998,1.0,0,-1
2012-03-14,21100634,2011,1610612758,1610612765,0,102.6,0.4659999999999999,0.7692,0.38239999999999996,20.6,38.4,0.4,102.6,0.4507,0.7942,0.3361,19.7,41.7,0.4,1.0,1,0,90.4,0.469,0.7577999999999999,0.246,19.0,38.2,0.6,91.8,0.4345,0.7539,0.2665,17.8,41.2,0.5,2.0,0,0,12.199999999999989,-0.003000000000000058,0.011400000000000077,0.13639999999999997,1.6000000000000014,0.19999999999999574,-0.19999999999999996,10.799999999999997,0.016199999999999992,0.0403,0.0696,1.8999999999999986,0.5,-0.09999999999999998,-1.0,1,0
2006-04-10,20501152,2005,1610612740,1610612739,0,99.8,0.4664,0.7634000000000001,0.3432,22.2,41.0,0.6,94.8,0.4534999999999999,0.7521,0.35069999999999996,19.9,39.5,0.5,2.0,0,0,106.6,0.5122,0.6904000000000001,0.3644,19.0,43.2,0.8,105.4,0.4944,0.6898,0.4202,19.7,42.4,0.9,2.0,0,1,-6.799999999999997,-0.04580000000000001,0.07299999999999995,-0.021199999999999997,3.1999999999999993,-2.200000000000003,-0.20000000000000007,-10.600000000000009,-0.0409000000000001,0.06230000000000002,-0.06950000000000006,0.1999999999999993,-2.8999999999999986,-0.4,0.0,0,-1
2012-03-26,21100732,2011,1610612752,1610612749,1,94.0,0.42539999999999994,0.6894,0.2476,18.6,46.4,0.8,101.3,0.4600999999999999,0.708,0.3275,21.6,43.3,0.6,2.0,0,1,108.6,0.487,0.75,0.3926,30.4,44.4,0.6,109.1,0.48769999999999997,0.771,0.3833,30.7,42.1,0.7,2.0,0,0,-14.599999999999994,-0.061600000000000044,-0.06059999999999999,-0.14500000000000002,-11.799999999999997,2.0,0.20000000000000007,-7.799999999999997,-0.02760000000000007,-0.06300000000000006,-0.05579999999999996,-9.099999999999998,1.1999999999999957,-0.09999999999999998,0.0,0,1
2022-10-24,22200045,2022,1610612748,1610612761,0,112.4,0.45899999999999996,0.8216000000000001,0.37720000000000004,25.4,43.2,0.6,111.625,0.447625,0.8195,0.353,26.5,43.75,0.625,2.0,0,1,111.4,0.42799999999999994,0.7252000000000001,0.32839999999999997,20.8,44.6,0.4,112.0,0.4395,0.699,0.3015,20.5,47.875,0.5,2.0,0,0,1.0,0.031000000000000028,0.09640000000000004,0.048800000000000066,4.599999999999998,-1.3999999999999986,0.19999999999999996,-0.375,0.008124999999999993,0.12050000000000005,0.05149999999999999,6.0,-4.125,0.125,0.0,0,1
2013-11-20,21300169,2013,1610612740,1610612762,1,105.0,0.4768,0.778,0.36439999999999995,23.4,40.2,0.4,100.7,0.4547,0.7968,0.41790000000000005,22.2,41.0,0.4,4.0,0,1,89.8,0.4304,0.7034,0.3672000000000001,17.2,40.2,0.2,88.1,0.4149,0.7168,0.2857,16.7,40.6,0.1,2.0,0,0,15.200000000000003,0.0464,0.0746,-0.0028000000000001357,6.199999999999999,0.0,0.2,12.600000000000009,0.0398,0.07999999999999996,0.13220000000000004,5.5,0.3999999999999986,0.30000000000000004,2.0,0,1
2004-01-13,20300539,2003,1610612756,1610612743,0,83.2,0.4074,0.8056000000000001,0.308,19.0,38.2,0.0,92.2,0.4277,0.7889,0.3145,19.3,38.8,0.2,4.0,0,0,95.0,0.4572,0.7686,0.15860000000000002,22.0,42.8,0.4,95.7,0.4556,0.779,0.26549999999999996,24.0,40.6,0.5,2.0,0,0,-11.799999999999997,-0.04980000000000001,0.037000000000000144,0.14939999999999998,-3.0,-4.599999999999994,-0.4,-3.5,-0.02789999999999998,0.00990000000000002,0.049000000000000044,-4.699999999999999,-1.8000000000000043,-0.3,2.0,0,0
2021-12-26,22100494,2021,1610612739,1610612761,1,113.2,0.4728,0.8388,0.37479999999999997,26.0,46.4,0.8,113.2,0.47779999999999995,0.8366,0.3859,26.9,45.9,0.7,4.0,0,0,114.2,0.45899999999999996,0.7182000000000001,0.3556,25.6,44.4,0.6,105.5,0.43499999999999994,0.7335999999999999,0.3275,22.3,44.5,0.5,8.0,0,1,-1.0,0.013800000000000034,0.12059999999999993,0.01919999999999994,0.3999999999999986,2.0,0.20000000000000007,7.700000000000003,0.042800000000000005,0.10300000000000009,0.05840000000000001,4.599999999999998,1.3999999999999986,0.19999999999999996,-4.0,0,-1
2012-04-13,21100876,2011,1610612753,1610612737,0,93.4,0.4258,0.7373999999999999,0.38839999999999997,18.6,41.0,0.4,96.2,0.4457999999999999,0.6951,0.3666,18.9,41.0,0.4,3.0,0,0,102.6,0.4908,0.7869999999999999,0.3154,25.4,39.4,0.6,102.5,0.47969999999999996,0.7712,0.3006,24.3,42.0,0.6,2.0,0,0,-9.199999999999989,-0.065,-0.04959999999999998,0.07299999999999995,-6.799999999999997,1.6000000000000014,-0.19999999999999996,-6.299999999999997,-0.03390000000000004,-0.07609999999999995,0.066,-5.400000000000002,-1.0,-0.19999999999999996,1.0,0,0
2013-12-28,21300444,2013,1610612749,1610612750,0,106.2,0.42939999999999995,0.827,0.3254,21.4,48.6,0.2,95.1,0.41930000000000006,0.7998000000000001,0.2986,19.0,43.5,0.2,1.0,1,0,108.8,0.4366,0.7484,0.2954,23.4,50.2,0.4,106.4,0.4218,0.7841,0.34519999999999995,22.8,47.2,0.5,1.0,1,1,-2.5999999999999943,-0.00720000000000004,0.0786,0.030000000000000027,-2.0,-1.6000000000000014,-0.2,-11.300000000000011,-0.0024999999999999467,0.015700000000000047,-0.046599999999999975,-3.8000000000000007,-3.700000000000003,-0.3,0.0,0,-1
2020-08-09,21901290,2019,1610612758,1610612745,0,118.4,0.47140000000000004,0.7524,0.3518,24.6,43.4,0.2,115.5,0.4636,0.8099999999999999,0.3598,24.8,43.4,0.3,2.0,0,0,125.0,0.4386,0.8088000000000001,0.374,24.8,40.0,0.8,114.9,0.44139999999999996,0.7998000000000001,0.3602,23.4,39.9,0.6,3.0,0,1,-6.599999999999994,0.03280000000000005,-0.05640000000000012,-0.022199999999999998,-0.1999999999999993,3.3999999999999986,-0.6000000000000001,0.5999999999999943,0.022200000000000053,0.010199999999999876,-0.00040000000000001146,1.4000000000000021,3.5,-0.3,-1.0,0,-1
2007-01-29,20600662,2006,1610612763,1610612758,1,109.8,0.48600000000000004,0.7094,0.41679999999999995,25.6,39.2,0.2,109.3,0.4862,0.7352000000000001,0.3766,25.0,38.5,0.3,2.0,0,0,92.8,0.43000000000000005,0.7154,0.3626,20.2,39.8,0.4,94.0,0.4527,0.7305,0.3385,19.7,37.8,0.3,2.0,0,0,17.0,0.055999999999999994,-0.006000000000000005,0.05419999999999997,5.400000000000002,-0.5999999999999943,-0.2,15.299999999999997,0.03350000000000003,0.0047000000000000375,0.03809999999999997,5.300000000000001,0.7000000000000028,0.0,0.0,0,0
2016-03-19,21501036,2015,1610612759,1610612744,1,108.8,0.4972,0.8469999999999999,0.32619999999999993,26.8,41.8,1.0,103.4,0.4776999999999999,0.8549,0.31379999999999997,25.6,44.0,0.9,2.0,0,5,125.4,0.5077999999999999,0.8434000000000001,0.46559999999999996,29.6,48.0,1.0,118.6,0.495,0.7975000000000001,0.40079999999999993,30.4,46.9,0.9,1.0,1,7,-16.60000000000001,-0.010599999999999943,0.0035999999999997145,-0.13940000000000002,-2.8000000000000007,-6.200000000000003,0.0,-15.199999999999989,-0.017300000000000093,0.057399999999999896,-0.08699999999999997,-4.799999999999997,-2.8999999999999986,0.0,1.0,-1,-2
2012-10-18,11200067,2012,1610612749,1610612763,0,99.66666666666667,0.4406666666666666,0.7903333333333333,0.3406666666666666,24.0,43.0,0.6666666666666666,99.66666666666667,0.4406666666666666,0.7903333333333333,0.3406666666666666,24.0,43.0,0.6666666666666666,2.0,0,0,100.0,0.4246666666666667,0.711,0.35233333333333333,20.666666666666668,49.333333333333336,0.3333333333333333,100.0,0.4246666666666667,0.711,0.35233333333333333,20.666666666666668,49.333333333333336,0.3333333333333333,1.0,1,0,-0.3333333333333286,0.015999999999999903,0.07933333333333337,-0.011666666666666714,3.333333333333332,-6.333333333333336,0.3333333333333333,-0.3333333333333286,0.015999999999999903,0.07933333333333337,-0.011666666666666714,3.333333333333332,-6.333333333333336,0.3333333333333333,1.0,-1,0
2018-06-06,41700403,2017,1610612739,1610612744,0,99.2,0.44000000000000006,0.7332,0.3032,18.2,43.8,0.4,102.8,0.46109999999999995,0.7461,0.3302999999999999,19.4,43.3,0.5,3.0,0,0,111.2,0.502,0.7246,0.3988,25.6,41.8,0.8,111.1,0.48939999999999995,0.8027,0.3686,24.2,43.2,0.7,3.0,0,4,-12.0,-0.061999999999999944,0.008599999999999941,-0.09559999999999996,-7.400000000000002,2.0,-0.4,-8.299999999999997,-0.028299999999999992,-0.056599999999999984,-0.038300000000000056,-4.800000000000001,0.09999999999999432,-0.19999999999999996,0.0,0,-4
2016-03-14,21500990,2015,1610612748,1610612743,1,109.0,0.4612,0.8055999999999999,0.44000000000000006,22.4,47.0,0.6,108.1,0.48179999999999995,0.7893,0.386,22.8,47.5,0.6,2.0,0,0,115.6,0.4708,0.7988000000000001,0.33199999999999996,26.4,49.2,0.8,110.4,0.46240000000000003,0.7817000000000001,0.3432,24.4,47.8,0.6,2.0,0,4,-6.599999999999994,-0.009599999999999997,0.006799999999999806,0.1080000000000001,-4.0,-2.200000000000003,-0.20000000000000007,-2.3000000000000114,0.019399999999999917,0.00759999999999994,0.042800000000000005,-1.5999999999999979,-0.29999999999999716,0.0,0.0,0,-4
2021-03-17,22000616,2020,1610612765,1610612761,1,105.8,0.46719999999999995,0.7030000000000001,0.3466,27.4,41.6,0.2,104.5,0.45439999999999997,0.7287999999999999,0.33080000000000004,25.1,42.9,0.2,2.0,0,0,109.8,0.4276,0.806,0.361,24.8,39.4,0.0,107.7,0.434,0.8370000000000001,0.3659,25.3,40.5,0.3,3.0,0,0,-4.0,0.03959999999999997,-0.10299999999999998,-0.014399999999999968,2.599999999999998,2.200000000000003,0.2,-3.200000000000003,0.020399999999999974,-0.10820000000000018,-0.035099999999999965,-0.1999999999999993,2.3999999999999986,-0.09999999999999998,-1.0,0,0
2005-02-11,20400731,2004,1610612764,1610612746,1,102.2,0.4744,0.6856,0.43019999999999997,20.8,41.0,0.6,102.7,0.44700000000000006,0.6992,0.40440000000000004,19.7,40.6,0.6,2.0,0,3,97.0,0.48819999999999997,0.804,0.4088,23.6,35.6,0.4,95.4,0.47220000000000006,0.7789,0.3855,24.6,40.3,0.5,2.0,0,0,5.200000000000003,-0.013799999999999979,-0.11840000000000006,0.021399999999999975,-2.8000000000000007,5.399999999999999,0.19999999999999996,7.299999999999997,-0.0252,-0.0797,0.018900000000000028,-4.900000000000002,0.30000000000000426,0.09999999999999998,0.0,0,3
2009-02-17,20800789,2008,1610612753,1610612766,1,99.2,0.44279999999999997,0.6808,0.3398,17.6,44.4,0.4,102.0,0.4520999999999999,0.7373000000000001,0.362,18.3,44.6,0.5,6.0,0,0,94.0,0.48979999999999996,0.6616,0.4122,25.4,38.4,0.4,95.1,0.47359999999999997,0.6755,0.4072,24.6,37.9,0.4,6.0,0,2,5.200000000000003,-0.046999999999999986,0.019199999999999995,-0.07240000000000002,-7.799999999999997,6.0,0.0,6.900000000000006,-0.021500000000000075,0.06180000000000008,-0.04520000000000002,-6.300000000000001,6.700000000000003,0.09999999999999998,0.0,0,-2
2021-10-27,22100055,2021,1610612753,1610612766,0,99.2,0.417,0.7872,0.3094,20.4,46.6,0.4,97.375,0.414,0.77325,0.34,21.125,46.0,0.25,2.0,0,0,109.0,0.42700000000000005,0.6798,0.3496,24.6,47.0,0.6,107.375,0.43225,0.71925,0.323625,24.75,46.625,0.5,2.0,0,0,-9.799999999999997,-0.010000000000000064,0.10740000000000005,-0.040200000000000014,-4.200000000000003,-0.3999999999999986,-0.19999999999999996,-10.0,-0.018250000000000044,0.05400000000000005,0.01637500000000003,-3.625,-0.625,-0.25,0.0,0,0
2022-05-19,42100302,2021,1610612748,1610612738,0,104.8,0.46420000000000006,0.7982,0.28200000000000003,20.2,40.6,0.6,106.6,0.4596,0.8137000000000001,0.29900000000000004,21.8,42.0,0.7,2.0,0,3,109.4,0.465,0.7782,0.364,24.6,40.4,0.6,107.1,0.4473,0.8079000000000001,0.36260000000000003,24.7,41.6,0.6,2.0,0,0,-4.6000000000000085,-0.0007999999999999674,0.020000000000000018,-0.08199999999999996,-4.400000000000002,0.20000000000000284,0.0,-0.5,0.012300000000000033,0.005800000000000027,-0.06359999999999999,-2.8999999999999986,0.3999999999999986,0.09999999999999998,0.0,0,3
2016-11-12,21600135,2016,1610612750,1610612746,0,108.0,0.4566,0.7649999999999999,0.44279999999999997,21.6,44.0,0.4,104.5,0.4532,0.7615000000000001,0.37329999999999997,20.3,43.7,0.4,3.0,0,1,110.0,0.46420000000000006,0.7876,0.3916,22.6,46.8,1.0,104.3,0.4484,0.7476,0.3513,21.2,45.2,0.9,1.0,1,5,-2.0,-0.007600000000000051,-0.022600000000000064,0.05119999999999997,-1.0,-2.799999999999997,-0.6,0.20000000000000284,0.004799999999999971,0.013900000000000023,0.021999999999999964,-0.8999999999999986,-1.5,-0.5,2.0,-1,-4
2022-04-16,42100171,2021,1610612742,1610612762,0,122.0,0.517,0.8268000000000001,0.433,25.8,41.8,0.8,117.7,0.5021,0.8032,0.39560000000000006,25.0,42.5,0.8,6.0,0,4,116.2,0.45519999999999994,0.7230000000000001,0.31959999999999994,22.8,53.4,0.6,111.6,0.4649,0.7058,0.3263,22.3,46.0,0.4,6.0,0,1,5.799999999999997,0.06180000000000008,0.1038,0.11340000000000006,3.0,-11.600000000000001,0.20000000000000007,6.1000000000000085,0.03720000000000001,0.09740000000000004,0.06930000000000008,2.6999999999999993,-3.5,0.4,0.0,0,3
2019-01-06,21800586,2018,1610612746,1610612753,1,118.0,0.4706,0.8086,0.3624,23.0,45.4,0.6,120.5,0.5046,0.8110999999999999,0.4285,23.7,44.6,0.5,2.0,0,1,108.0,0.4826,0.7532000000000001,0.33599999999999997,26.2,45.8,0.6,101.7,0.4465,0.7407999999999999,0.3513,22.3,43.9,0.4,2.0,0,0,10.0,-0.011999999999999955,0.055399999999999894,0.026400000000000035,-3.1999999999999993,-0.3999999999999986,0.0,18.799999999999997,0.05810000000000004,0.07030000000000003,0.07719999999999999,1.3999999999999986,0.7000000000000028,0.09999999999999998,0.0,0,1
2004-01-02,20300461,2003,1610612757,1610612743,0,86.8,0.4532,0.7468,0.2912,22.0,40.6,0.6,93.5,0.4715,0.7524,0.28919999999999996,23.7,40.5,0.5,2.0,0,0,96.4,0.4526,0.741,0.3634,26.0,38.6,0.6,99.0,0.44930000000000003,0.7741,0.35119999999999996,23.0,40.5,0.5,2.0,0,0,-9.600000000000009,0.0005999999999999894,0.005800000000000027,-0.07219999999999999,-4.0,2.0,0.0,-5.5,0.022199999999999942,-0.021700000000000053,-0.062,0.6999999999999993,0.0,0.0,0.0,0,0
2020-02-24,21900852,2019,1610612751,1610612753,0,108.8,0.41859999999999997,0.7811999999999999,0.3202,24.4,51.4,0.6,115.7,0.46320000000000006,0.7769,0.36629999999999996,26.1,49.3,0.7,2.0,0,1,111.0,0.4417999999999999,0.8208,0.3112,27.6,44.8,0.4,104.5,0.43010000000000004,0.776,0.32349999999999995,26.4,42.4,0.3,3.0,0,0,-2.200000000000003,-0.023199999999999943,-0.03960000000000008,0.009000000000000008,-3.200000000000003,6.600000000000001,0.19999999999999996,11.200000000000003,0.03310000000000002,0.0009000000000000119,0.042800000000000005,-0.29999999999999716,6.899999999999999,0.39999999999999997,-1.0,0,1
2006-01-22,20500587,2005,1610612748,1610612758,1,102.6,0.48599999999999993,0.6732,0.383,22.2,45.2,0.6,104.1,0.4925,0.6750999999999999,0.406,22.5,46.5,0.6,2.0,0,0,99.0,0.4372,0.8370000000000001,0.36260000000000003,22.0,46.6,0.6,96.7,0.4417,0.8240000000000001,0.3451,20.5,43.9,0.5,1.0,1,0,3.5999999999999943,0.048799999999999955,-0.16380000000000006,0.020399999999999974,0.1999999999999993,-1.3999999999999986,0.0,7.3999999999999915,0.05080000000000001,-0.14890000000000014,0.06090000000000001,2.0,2.6000000000000014,0.09999999999999998,1.0,-1,0
2005-01-26,20400620,2004,1610612762,1610612760,1,93.0,0.44539999999999996,0.7018,0.3414,21.8,38.2,0.2,94.0,0.4486,0.7609,0.3585,21.4,40.9,0.3,3.0,0,0,109.6,0.4744,0.8390000000000001,0.4486,19.0,41.8,0.6,105.1,0.4664,0.8036,0.39299999999999996,20.1,42.5,0.6,1.0,1,2,-16.599999999999994,-0.029000000000000026,-0.1372000000000001,-0.10720000000000002,2.8000000000000007,-3.5999999999999943,-0.39999999999999997,-11.099999999999994,-0.017799999999999983,-0.04269999999999996,-0.034499999999999975,1.2999999999999972,-1.6000000000000014,-0.3,2.0,-1,-2
2020-01-10,21900572,2019,1610612742,1610612747,0,113.6,0.47220000000000006,0.7746000000000001,0.36019999999999996,24.2,43.4,0.4,113.0,0.4572,0.8027999999999998,0.37239999999999995,24.5,46.2,0.5,2.0,0,0,114.2,0.48440000000000005,0.7802,0.3792,26.4,45.8,1.0,111.5,0.475,0.7464999999999999,0.34529999999999994,25.8,44.0,0.6,3.0,0,6,-0.6000000000000085,-0.012199999999999989,-0.005599999999999938,-0.019000000000000017,-2.1999999999999993,-2.3999999999999986,-0.6,1.5,-0.017799999999999983,0.056299999999999906,0.027100000000000013,-1.3000000000000007,2.200000000000003,-0.09999999999999998,-1.0,0,-6
2021-01-14,22000176,2020,1610612759,1610612745,0,111.8,0.43520000000000003,0.7952,0.3832,24.0,44.6,0.8,109.2,0.43760000000000004,0.7809,0.37489999999999996,25.3,45.2,0.5,2.0,0,1,108.2,0.4468,0.7574,0.3206,23.0,41.6,0.2,113.0,0.46979999999999994,0.7735000000000001,0.33999999999999997,23.4,42.3,0.4,2.0,0,0,3.5999999999999943,-0.011599999999999944,0.037800000000000056,0.06259999999999999,1.0,3.0,0.6000000000000001,-3.799999999999997,-0.032199999999999895,0.007399999999999962,0.03489999999999999,1.9000000000000021,2.9000000000000057,0.09999999999999998,0.0,0,1
2007-04-06,20601131,2006,1610612758,1610612762,1,103.8,0.4452,0.7508,0.3752,21.4,38.6,0.2,97.6,0.42029999999999995,0.7486,0.3375,17.8,37.8,0.2,2.0,0,0,95.8,0.43520000000000003,0.7694000000000001,0.2824,23.2,42.4,0.6,93.4,0.44299999999999995,0.7327,0.25699999999999995,25.3,41.5,0.5,2.0,0,0,8.0,0.009999999999999953,-0.01860000000000006,0.0928,-1.8000000000000007,-3.799999999999997,-0.39999999999999997,4.199999999999989,-0.022699999999999998,0.015900000000000025,0.08050000000000007,-7.5,-3.700000000000003,-0.3,0.0,0,0
2016-04-05,21501164,2015,1610612746,1610612747,1,109.8,0.49960000000000004,0.7664,0.41200000000000003,25.6,40.0,0.8,107.2,0.48109999999999997,0.73,0.3613,24.0,39.1,0.6,2.0,0,1,94.0,0.37879999999999997,0.7731999999999999,0.3242,17.0,43.6,0.2,95.9,0.40190000000000003,0.8009000000000001,0.28369999999999995,17.4,44.3,0.2,2.0,0,0,15.799999999999997,0.12080000000000007,-0.006799999999999917,0.08780000000000004,8.600000000000001,-3.6000000000000014,0.6000000000000001,11.299999999999997,0.07919999999999994,-0.07090000000000007,0.07760000000000006,6.600000000000001,-5.199999999999996,0.39999999999999997,0.0,0,1
2022-10-26,22200056,2022,1610612739,1610612753,1,112.6,0.4718,0.8492,0.43739999999999996,24.8,43.6,0.6,110.28571428571429,0.4652857142857143,0.8045714285714285,0.407,23.714285714285715,44.285714285714285,0.42857142857142855,3.0,0,2,108.6,0.44639999999999996,0.763,0.31020000000000003,19.0,46.6,0.2,106.77777777777777,0.44488888888888883,0.7846666666666667,0.3125555555555556,21.22222222222222,46.22222222222222,0.4444444444444444,2.0,0,0,4.0,0.025400000000000034,0.08619999999999994,0.12719999999999992,5.800000000000001,-3.0,0.39999999999999997,3.5079365079365203,0.02039682539682547,0.01990476190476176,0.09444444444444439,2.492063492063494,-1.9365079365079367,-0.015873015873015872,1.0,0,2
2021-03-04,22000552,2020,1610612738,1610612761,1,113.0,0.4782,0.7802,0.3616,22.6,43.8,0.6,111.8,0.4647,0.7789,0.3415,22.3,44.2,0.5,2.0,0,3,109.4,0.46299999999999997,0.8710000000000001,0.37739999999999996,26.0,38.2,0.4,108.5,0.4548,0.8472,0.35489999999999994,24.7,39.3,0.5,1.0,1,0,3.5999999999999943,0.015200000000000047,-0.0908000000000001,-0.01579999999999998,-3.3999999999999986,5.599999999999994,0.19999999999999996,3.299999999999997,0.00990000000000002,-0.06829999999999992,-0.013399999999999912,-2.3999999999999986,4.900000000000006,0.0,1.0,-1,3
2009-03-31,20801109,2008,1610612759,1610612760,0,98.2,0.489,0.807,0.37320000000000003,21.0,39.8,0.6,92.0,0.4645,0.7271000000000001,0.3811,19.7,41.0,0.5,2.0,0,0,92.0,0.41739999999999994,0.7922,0.255,22.4,42.0,0.2,92.7,0.4232,0.8328,0.2617,18.4,40.9,0.3,2.0,0,0,6.200000000000003,0.07160000000000005,0.014800000000000035,0.11820000000000003,-1.3999999999999986,-2.200000000000003,0.39999999999999997,-0.7000000000000028,0.0413,-0.1056999999999999,0.1194,1.3000000000000007,0.10000000000000142,0.2,0.0,0,0
2018-02-08,21700816,2017,1610612747,1610612760,1,107.6,0.4584,0.732,0.3522,20.8,47.8,0.6,107.0,0.47620000000000007,0.6849999999999999,0.33290000000000003,22.7,45.4,0.7,2.0,0,3,109.8,0.4396,0.7694,0.3038,22.2,46.0,0.2,117.0,0.4694,0.7409,0.3326,22.2,45.6,0.6,2.0,0,1,-2.200000000000003,0.018799999999999983,-0.03739999999999999,0.0484,-1.3999999999999986,1.7999999999999972,0.39999999999999997,-10.0,0.006800000000000084,-0.05590000000000006,0.00030000000000002247,0.5,-0.20000000000000284,0.09999999999999998,0.0,0,2
2015-01-28,21400681,2014,1610612739,1610612757,1,110.8,0.47000000000000003,0.7634,0.3794,21.8,50.0,1.0,106.7,0.4647,0.7384999999999999,0.36510000000000004,19.3,46.0,0.7,1.0,1,7,100.2,0.40119999999999995,0.8088,0.3626,20.0,41.6,0.4,99.9,0.42800000000000005,0.7932,0.34600000000000003,21.1,42.4,0.5,4.0,0,1,10.599999999999994,0.06880000000000008,-0.045399999999999996,0.016800000000000037,1.8000000000000007,8.399999999999999,0.6,6.799999999999997,0.036699999999999955,-0.05470000000000008,0.019100000000000006,-1.8000000000000007,3.6000000000000014,0.19999999999999996,-3.0,1,6
2007-01-15,20600563,2006,1610612763,1610612756,0,103.8,0.46719999999999995,0.7516,0.26839999999999997,22.6,37.6,0.2,107.9,0.484,0.7632,0.33659999999999995,24.0,40.6,0.3,2.0,0,0,113.0,0.5164,0.7442,0.4202,28.6,43.2,1.0,107.7,0.49670000000000003,0.7827,0.42860000000000004,27.5,40.5,0.9,2.0,0,9,-9.200000000000003,-0.04920000000000002,0.007400000000000073,-0.15180000000000005,-6.0,-5.600000000000001,-0.8,0.20000000000000284,-0.012700000000000045,-0.019499999999999962,-0.09200000000000008,-3.5,0.10000000000000142,-0.6000000000000001,0.0,0,-9
2005-11-20,20500140,2005,1610612761,1610612748,1,101.0,0.4497999999999999,0.7208,0.36219999999999997,18.8,37.6,0.0,97.0,0.44329999999999997,0.7415,0.33449999999999996,20.4,37.1,0.1,2.0,0,0,100.2,0.4806,0.7022,0.38760000000000006,20.6,46.4,0.8,98.1,0.473,0.6814,0.3511,20.1,42.9,0.6,2.0,0,4,0.7999999999999972,-0.030800000000000105,0.01859999999999995,-0.02540000000000009,-1.8000000000000007,-8.799999999999997,-0.8,-1.0999999999999943,-0.029700000000000004,0.06010000000000004,-0.01660000000000006,0.29999999999999716,-5.799999999999997,-0.5,0.0,0,-4
2012-02-10,21100391,2011,1610612766,1610612741,0,82.6,0.40679999999999994,0.7208,0.28419999999999995,19.4,39.0,0.0,81.4,0.4048999999999999,0.7218,0.2611,17.0,37.9,0.0,3.0,0,0,99.6,0.5014000000000001,0.731,0.44580000000000003,26.6,43.0,0.8,99.6,0.4821,0.7202,0.3695,24.0,43.6,0.7,2.0,0,4,-17.0,-0.09460000000000013,-0.010199999999999987,-0.16160000000000008,-7.200000000000003,-4.0,-0.8,-18.19999999999999,-0.07720000000000005,0.0016000000000000458,-0.1084,-7.0,-5.700000000000003,-0.7,1.0,0,-4
2003-12-28,20300425,2003,1610612759,1610612749,1,94.0,0.4842000000000001,0.6188,0.352,24.8,42.8,1.0,90.3,0.4567,0.6325000000000001,0.3846,22.6,44.3,1.0,2.0,0,12,93.0,0.4896000000000001,0.6331999999999999,0.40140000000000003,26.4,38.4,0.8,96.4,0.4551,0.7073,0.3671,24.8,43.7,0.6,2.0,0,3,1.0,-0.005400000000000016,-0.014399999999999857,-0.049400000000000055,-1.5999999999999979,4.399999999999999,0.19999999999999996,-6.1000000000000085,0.0015999999999999903,-0.07479999999999998,0.017500000000000016,-2.1999999999999993,0.5999999999999943,0.4,0.0,0,9
2008-02-26,20700842,2007,1610612745,1610612764,1,100.8,0.4699999999999999,0.6916,0.3976,25.4,45.2,1.0,98.2,0.47809999999999997,0.7043999999999999,0.37370000000000003,25.5,45.5,1.0,2.0,0,12,97.0,0.441,0.7798,0.31459999999999994,16.8,41.0,0.6,98.2,0.43499999999999994,0.8163,0.3246,17.7,41.1,0.3,1.0,1,2,3.799999999999997,0.028999999999999915,-0.08820000000000006,0.08300000000000007,8.599999999999998,4.200000000000003,0.4,0.0,0.04310000000000003,-0.11190000000000011,0.04910000000000003,7.800000000000001,4.399999999999999,0.7,1.0,-1,10
2003-12-28,20300426,2003,1610612756,1610612755,1,97.8,0.4466,0.7464,0.32599999999999996,21.0,38.4,0.2,94.7,0.4396,0.7420000000000001,0.3218,20.6,36.1,0.2,2.0,0,0,89.0,0.47739999999999994,0.8086,0.4824,25.0,36.6,0.4,86.2,0.44420000000000004,0.7845,0.4117,21.4,38.9,0.5,2.0,0,0,8.799999999999997,-0.03079999999999994,-0.06220000000000003,-0.15640000000000004,-4.0,1.7999999999999972,-0.2,8.5,-0.0046000000000000485,-0.04249999999999987,-0.08990000000000004,-0.7999999999999972,-2.799999999999997,-0.3,0.0,0,0
2006-11-22,20600166,2006,1610612756,1610612740,1,108.8,0.4808,0.7342000000000001,0.38839999999999997,24.6,39.8,0.6,108.0,0.48,0.7666000000000001,0.37739999999999996,24.9,38.9,0.4,2.0,0,1,94.0,0.4412,0.7012,0.3807999999999999,17.6,43.0,0.8,97.0,0.4484,0.741,0.37439999999999996,18.4,44.4,0.7,1.0,1,4,14.799999999999997,0.039600000000000024,0.03300000000000003,0.007600000000000051,7.0,-3.200000000000003,-0.20000000000000007,11.0,0.03159999999999996,0.025600000000000067,0.0030000000000000027,6.5,-5.5,-0.29999999999999993,1.0,-1,-3
2012-04-07,21100832,2011,1610612756,1610612747,1,98.6,0.4356,0.7512000000000001,0.2803999999999999,23.0,45.2,0.6,100.2,0.458,0.746,0.315,21.9,42.1,0.5,1.0,1,0,103.8,0.47620000000000007,0.8144,0.362,26.8,47.8,0.8,102.4,0.4697,0.8015000000000001,0.3629,25.1,47.3,0.7,1.0,1,0,-5.200000000000003,-0.04060000000000008,-0.06319999999999992,-0.08160000000000006,-3.8000000000000007,-2.5999999999999943,-0.20000000000000007,-2.200000000000003,-0.011699999999999988,-0.055500000000000105,-0.0479,-3.200000000000003,-5.199999999999996,-0.19999999999999996,0.0,0,0
2021-05-11,22000448,2020,1610612766,1610612743,0,108.8,0.45219999999999994,0.6784000000000001,0.35259999999999997,26.4,46.4,0.4,109.9,0.45630000000000004,0.6975,0.36929999999999996,27.6,44.1,0.5,2.0,0,0,110.2,0.4566,0.8442000000000001,0.3442,24.6,43.8,0.4,113.2,0.47219999999999995,0.8289,0.34249999999999997,25.8,42.4,0.6,3.0,0,0,-1.4000000000000057,-0.0044000000000000705,-0.16579999999999995,0.008399999999999963,1.7999999999999972,2.6000000000000014,0.0,-3.299999999999997,-0.015899999999999914,-0.13139999999999996,0.02679999999999999,1.8000000000000007,1.7000000000000028,-0.09999999999999998,-1.0,0,0
2016-12-30,21600499,2016,1610612759,1610612757,1,110.2,0.49499999999999994,0.8098000000000001,0.44639999999999996,21.8,46.4,0.8,110.0,0.4974,0.8336,0.42679999999999996,25.1,46.1,0.8,2.0,0,3,99.8,0.4588,0.7212,0.3482,21.4,43.2,0.2,105.4,0.4687,0.7697999999999999,0.36310000000000003,21.5,40.8,0.2,2.0,0,1,10.400000000000006,0.036199999999999954,0.08860000000000012,0.09819999999999995,0.40000000000000213,3.1999999999999957,0.6000000000000001,4.599999999999994,0.028700000000000003,0.06380000000000008,0.06369999999999992,3.6000000000000014,5.300000000000004,0.6000000000000001,0.0,0,2
2018-03-25,21701098,2017,1610612764,1610612752,0,107.0,0.4848,0.76,0.41899999999999993,27.8,42.0,0.4,106.0,0.4723,0.7652,0.4119,26.5,42.9,0.4,2.0,0,0,109.2,0.46559999999999996,0.7414,0.3556,24.8,48.6,0.4,104.7,0.46279999999999993,0.7424,0.3335,23.0,45.0,0.2,2.0,0,0,-2.200000000000003,0.01920000000000005,0.01860000000000006,0.0633999999999999,3.0,-6.600000000000001,0.0,1.2999999999999972,0.009500000000000064,0.022800000000000042,0.07839999999999997,3.5,-2.1000000000000014,0.2,0.0,0,0
2013-12-06,21300289,2013,1610612758,1610612747,0,98.8,0.4436,0.7492,0.3414,24.0,42.4,0.0,99.7,0.4391,0.7548,0.352,22.9,43.0,0.3,3.0,0,0,104.8,0.45999999999999996,0.7674000000000001,0.40279999999999994,24.0,42.2,0.6,104.1,0.46869999999999995,0.7611,0.422,25.2,42.9,0.6,5.0,0,0,-6.0,-0.01639999999999997,-0.018200000000000105,-0.061399999999999955,0.0,0.19999999999999574,-0.6,-4.3999999999999915,-0.02959999999999996,-0.006299999999999972,-0.07,-2.3000000000000007,0.10000000000000142,-0.3,-2.0,0,0
2005-11-23,20500159,2005,1610612748,1610612757,1,101.0,0.4779999999999999,0.6998,0.3922,20.8,44.8,0.8,98.4,0.47759999999999997,0.6931,0.34740000000000004,20.4,43.1,0.6,3.0,0,0,88.8,0.4894,0.7436,0.3248,17.4,37.6,0.4,87.2,0.45649999999999996,0.6663,0.26480000000000004,18.1,39.7,0.4,1.0,1,1,12.200000000000003,-0.011400000000000077,-0.04380000000000006,0.06740000000000002,3.400000000000002,7.199999999999996,0.4,11.200000000000003,0.021100000000000008,0.026800000000000046,0.0826,2.299999999999997,3.3999999999999986,0.19999999999999996,2.0,-1,-1
2015-03-06,21400913,2014,1610612753,1610612758,1,92.8,0.437,0.6933999999999999,0.306,19.0,42.8,0.2,92.8,0.45339999999999997,0.7081000000000001,0.2991,19.5,42.6,0.4,2.0,0,0,101.2,0.45760000000000006,0.7799999999999999,0.3528,20.8,41.6,0.4,98.8,0.446,0.7373999999999999,0.3242,21.5,45.6,0.4,2.0,0,0,-8.400000000000006,-0.020600000000000063,-0.08660000000000001,-0.04680000000000001,-1.8000000000000007,1.1999999999999957,-0.2,-6.0,0.007399999999999962,-0.02929999999999988,-0.02510000000000001,-2.0,-3.0,0.0,0.0,0,0
2017-01-20,21600648,2016,1610612742,1610612762,0,99.4,0.4676,0.727,0.4202,23.6,33.4,0.6,98.7,0.45709999999999995,0.7929,0.38939999999999997,22.0,36.3,0.5,1.0,1,0,101.8,0.4726,0.6327999999999999,0.3812,21.6,45.2,0.8,99.2,0.4606,0.7067,0.3719,20.2,43.8,0.7,4.0,0,4,-2.3999999999999915,-0.0050000000000000044,0.09420000000000006,0.039000000000000035,2.0,-11.800000000000004,-0.20000000000000007,-0.5,-0.0035000000000000586,0.08620000000000005,0.01749999999999996,1.8000000000000007,-7.5,-0.19999999999999996,-3.0,1,-4
2013-11-16,21300136,2013,1610612766,1610612748,0,90.4,0.41479999999999995,0.752,0.29700000000000004,19.6,43.0,0.6,89.6,0.4102,0.6888,0.28700000000000003,18.1,43.8,0.6,1.0,1,2,108.8,0.5458000000000001,0.717,0.43100000000000005,26.0,34.6,0.8,105.1,0.5237,0.7355,0.4243,26.3,33.0,0.6,1.0,1,2,-18.39999999999999,-0.13100000000000012,0.03500000000000003,-0.134,-6.399999999999999,8.399999999999999,-0.20000000000000007,-15.5,-0.11350000000000005,-0.046700000000000075,-0.13729999999999998,-8.2,10.799999999999997,0.0,0.0,0,0
2003-11-29,20300229,2003,1610612749,1610612738,1,89.8,0.4372,0.7578,0.2742,21.8,39.4,0.4,93.0,0.4283,0.7692,0.2832,21.6,41.3,0.4,1.0,1,0,89.2,0.438,0.779,0.30139999999999995,20.6,38.8,0.4,87.4,0.41459999999999997,0.7315,0.3075,20.7,41.9,0.5,1.0,1,2,0.5999999999999943,-0.0008000000000000229,-0.021199999999999997,-0.027199999999999946,1.1999999999999993,0.6000000000000014,0.0,5.599999999999994,0.013700000000000045,0.037699999999999956,-0.02429999999999999,0.9000000000000021,-0.6000000000000014,-0.09999999999999998,0.0,0,-2
2013-01-27,21200654,2012,1610612753,1610612765,0,97.4,0.46460000000000007,0.8228000000000002,0.4398000000000001,24.8,40.0,0.2,101.2,0.4678999999999999,0.827,0.4002,25.6,40.3,0.2,3.0,0,0,93.0,0.4508,0.6574000000000001,0.35439999999999994,20.0,42.4,0.4,94.4,0.46420000000000006,0.6614,0.3419,20.4,43.9,0.5,2.0,0,0,4.400000000000006,0.01380000000000009,0.1654000000000001,0.08540000000000014,4.800000000000001,-2.3999999999999986,-0.2,6.799999999999997,0.00369999999999987,0.16559999999999997,0.05830000000000002,5.200000000000003,-3.6000000000000014,-0.3,1.0,0,0
2015-03-04,21400903,2014,1610612740,1610612765,1,99.6,0.4997999999999999,0.7402,0.39459999999999995,24.0,41.8,0.8,94.8,0.45899999999999996,0.7463,0.39099999999999996,22.1,40.0,0.5,2.0,0,0,101.8,0.4306,0.6308,0.324,19.4,46.6,0.4,101.0,0.44190000000000007,0.7035,0.33019999999999994,19.9,43.8,0.4,4.0,0,0,-2.200000000000003,0.06919999999999993,0.10939999999999994,0.07059999999999994,4.600000000000001,-4.800000000000004,0.4,-6.200000000000003,0.017099999999999893,0.04279999999999995,0.06080000000000002,2.200000000000003,-3.799999999999997,0.09999999999999998,-2.0,0,0
2015-01-31,21400705,2014,1610612754,1610612758,0,95.6,0.4544,0.7756000000000001,0.3044,22.0,43.6,0.4,93.6,0.43579999999999997,0.7495,0.2672,20.9,45.6,0.2,2.0,0,1,97.4,0.4324,0.8,0.285,17.2,43.8,0.0,99.3,0.4468,0.7973999999999999,0.28659999999999997,18.5,45.0,0.1,1.0,1,0,-1.8000000000000114,0.02200000000000002,-0.024399999999999977,0.01940000000000003,4.800000000000001,-0.19999999999999574,0.4,-5.700000000000003,-0.01100000000000001,-0.04789999999999983,-0.019399999999999973,2.3999999999999986,0.6000000000000014,0.1,1.0,-1,1
2017-01-25,21600689,2016,1610612757,1610612747,1,102.8,0.4022,0.835,0.31520000000000004,20.2,44.2,0.2,108.3,0.4447,0.7817999999999999,0.3497,24.3,45.5,0.4,4.0,0,1,99.2,0.43479999999999996,0.7722,0.3282,21.2,43.2,0.2,102.4,0.43740000000000007,0.7453000000000001,0.3246,20.7,43.2,0.3,3.0,0,0,3.5999999999999943,-0.03259999999999996,0.06279999999999997,-0.012999999999999956,-1.0,1.0,0.0,5.8999999999999915,0.007299999999999918,0.036499999999999866,0.02510000000000001,3.6000000000000014,2.299999999999997,0.10000000000000003,1.0,0,1
2017-01-18,21600632,2016,1610612745,1610612749,1,114.2,0.4408,0.7773999999999999,0.349,23.6,41.6,0.4,114.8,0.45380000000000004,0.7551,0.3415,25.3,42.2,0.7,1.0,1,0,105.6,0.4906,0.8154,0.438,26.6,38.0,0.4,105.7,0.5015,0.7586999999999999,0.4468,24.9,37.7,0.5,2.0,0,0,8.600000000000009,-0.049799999999999955,-0.038000000000000145,-0.08900000000000002,-3.0,3.6000000000000014,0.0,9.099999999999994,-0.04769999999999991,-0.0035999999999999366,-0.10529999999999995,0.40000000000000213,4.5,0.19999999999999996,-1.0,1,0
2006-03-23,20501014,2005,1610612742,1610612744,0,93.4,0.45099999999999996,0.8306000000000001,0.3748,18.2,41.4,0.8,94.6,0.45620000000000005,0.8202,0.3624,17.9,39.9,0.7,2.0,0,1,100.4,0.46180000000000004,0.7152,0.3564,19.2,39.6,0.6,99.1,0.4412,0.7361,0.3708,19.8,40.8,0.4,2.0,0,0,-7.0,-0.010800000000000087,0.11540000000000017,0.018400000000000027,-1.0,1.7999999999999972,0.20000000000000007,-4.5,0.015000000000000069,0.08410000000000006,-0.008400000000000019,-1.9000000000000021,-0.8999999999999986,0.29999999999999993,0.0,0,1
2008-03-02,20700885,2007,1610612758,1610612748,1,103.6,0.45540000000000014,0.7492,0.3528,20.2,43.0,0.2,102.5,0.4497,0.7694,0.36760000000000004,20.4,43.1,0.3,2.0,0,0,98.8,0.4526,0.7688,0.41580000000000006,23.4,38.0,0.4,97.2,0.45289999999999997,0.7800999999999999,0.375,23.7,38.2,0.2,2.0,0,1,4.799999999999997,0.0028000000000001357,-0.019600000000000062,-0.06300000000000006,-3.1999999999999993,5.0,-0.2,5.299999999999997,-0.0031999999999999806,-0.010699999999999932,-0.007399999999999962,-3.3000000000000007,4.899999999999999,0.09999999999999998,0.0,0,-1
2022-03-05,22100955,2021,1610612766,1610612759,1,116.6,0.47040000000000004,0.679,0.36760000000000004,28.0,48.2,0.4,117.2,0.45640000000000003,0.7162999999999999,0.3347,28.9,48.8,0.3,3.0,0,1,123.4,0.4894,0.7270000000000001,0.34240000000000004,31.0,46.2,0.4,120.9,0.4943000000000001,0.7575000000000001,0.3659,30.3,42.9,0.5,2.0,0,0,-6.800000000000011,-0.01899999999999996,-0.04800000000000004,0.0252,-3.0,2.0,0.0,-3.700000000000003,-0.037900000000000045,-0.041200000000000125,-0.031200000000000006,-1.4000000000000021,5.899999999999999,-0.2,1.0,0,1
2016-11-05,21600079,2016,1610612760,1610612750,1,102.0,0.4226,0.6926,0.2954,19.0,49.6,0.8,102.44444444444444,0.43277777777777776,0.706,0.3422222222222222,20.22222222222222,49.44444444444444,0.6666666666666666,2.0,0,0,105.0,0.477,0.7465999999999999,0.4069999999999999,21.8,46.0,0.4,101.2,0.4441,0.7784000000000001,0.36039999999999994,19.8,45.3,0.5,2.0,0,0,-3.0,-0.054400000000000004,-0.05399999999999994,-0.11159999999999992,-2.8000000000000007,3.6000000000000014,0.4,1.24444444444444,-0.011322222222222234,-0.07240000000000013,-0.018177777777777737,0.4222222222222207,4.144444444444446,0.16666666666666663,0.0,0,0
2016-01-08,21500543,2015,1610612750,1610612739,0,88.4,0.4372,0.7256,0.3488,23.4,39.4,0.2,90.7,0.44770000000000004,0.7445,0.3054,23.2,37.5,0.2,2.0,0,0,108.2,0.48299999999999993,0.6990000000000001,0.37,20.6,43.6,1.0,100.3,0.4418,0.7274,0.3453,21.3,44.5,0.8,2.0,0,5,-19.799999999999997,-0.04579999999999995,0.026599999999999957,-0.021199999999999997,2.799999999999997,-4.200000000000003,-0.8,-9.599999999999994,0.005900000000000016,0.017100000000000004,-0.03989999999999999,1.8999999999999986,-7.0,-0.6000000000000001,0.0,0,-5
2012-03-04,21100549,2011,1610612766,1610612751,0,85.0,0.4074,0.7023999999999999,0.3154,22.4,39.0,0.2,83.8,0.40259999999999996,0.6962999999999999,0.2824,20.1,38.1,0.1,2.0,0,0,92.6,0.41739999999999994,0.733,0.3238,18.6,43.6,0.4,92.9,0.42889999999999995,0.7906000000000001,0.3271,19.0,41.2,0.3,2.0,0,0,-7.599999999999994,-0.009999999999999953,-0.03060000000000007,-0.008399999999999963,3.799999999999997,-4.600000000000001,-0.2,-9.100000000000009,-0.02629999999999999,-0.09430000000000016,-0.04470000000000002,1.1000000000000014,-3.1000000000000014,-0.19999999999999998,0.0,0,0
2006-04-16,20501196,2005,1610612747,1610612756,1,105.0,0.4508,0.7323999999999999,0.3388,23.0,45.0,0.6,102.6,0.4612,0.7442,0.3659,22.6,43.3,0.7,2.0,0,3,112.6,0.5012000000000001,0.8321999999999999,0.48460000000000003,26.6,41.2,0.6,113.4,0.5049,0.8067,0.4396,28.0,37.4,0.5,2.0,0,0,-7.599999999999994,-0.05040000000000011,-0.0998,-0.14580000000000004,-3.6000000000000014,3.799999999999997,0.0,-10.800000000000011,-0.04370000000000002,-0.0625,-0.07369999999999999,-5.399999999999999,5.899999999999999,0.19999999999999996,0.0,0,3
2004-12-08,20400272,2004,1610612747,1610612756,0,94.2,0.42399999999999993,0.7744,0.3472,22.6,43.6,0.6,96.2,0.44239999999999996,0.7577,0.3528,21.3,43.4,0.7,5.0,0,1,113.4,0.48579999999999995,0.7954,0.3638,21.4,43.6,0.8,110.2,0.47519999999999996,0.7699,0.3719,22.2,43.0,0.9,1.0,1,2,-19.200000000000003,-0.06180000000000002,-0.02100000000000002,-0.016600000000000004,1.2000000000000028,0.0,-0.20000000000000007,-14.0,-0.032799999999999996,-0.012199999999999989,-0.019100000000000006,-0.8999999999999986,0.3999999999999986,-0.20000000000000007,4.0,-1,-1
2018-11-03,21800127,2018,1610612754,1610612738,1,108.4,0.5204,0.7545999999999999,0.36019999999999996,25.2,36.4,0.8,106.6,0.49420000000000003,0.6964,0.3842,22.7,41.9,0.6,1.0,1,2,105.0,0.426,0.7624000000000001,0.34140000000000004,24.0,47.6,0.8,103.1,0.4189,0.7573000000000001,0.3155,22.9,47.7,0.6,2.0,0,4,3.4000000000000057,0.09439999999999998,-0.00780000000000014,0.018799999999999928,1.1999999999999993,-11.200000000000003,0.0,3.5,0.07530000000000003,-0.060900000000000065,0.06869999999999998,-0.1999999999999993,-5.800000000000004,0.0,-1.0,1,-2
2008-01-20,20700594,2007,1610612756,1610612751,1,103.8,0.47999999999999987,0.7931999999999999,0.3984,26.0,39.8,0.6,111.9,0.48179999999999995,0.7901999999999999,0.4229,26.5,42.5,0.7,2.0,0,2,92.2,0.4122,0.648,0.371,24.2,45.8,0.2,96.8,0.44089999999999996,0.6439,0.3501,25.7,43.1,0.5,1.0,1,0,11.599999999999994,0.06779999999999986,0.14519999999999988,0.02739999999999998,1.8000000000000007,-6.0,0.39999999999999997,15.100000000000009,0.04089999999999999,0.14629999999999987,0.07279999999999998,0.8000000000000007,-0.6000000000000014,0.19999999999999996,1.0,-1,2
2021-10-15,12100061,2021,1610612754,1610612739,0,107.33333333333333,0.45366666666666666,0.73,0.283,24.666666666666668,49.333333333333336,0.6666666666666666,107.33333333333333,0.45366666666666666,0.73,0.283,24.666666666666668,49.333333333333336,0.6666666666666666,2.0,0,2,98.75,0.425,0.665,0.32675,24.0,41.75,0.25,98.75,0.425,0.665,0.32675,24.0,41.75,0.25,5.0,0,0,8.583333333333329,0.028666666666666674,0.06499999999999995,-0.04375000000000001,0.6666666666666679,7.583333333333336,0.41666666666666663,8.583333333333329,0.028666666666666674,0.06499999999999995,-0.04375000000000001,0.6666666666666679,7.583333333333336,0.41666666666666663,-3.0,0,2
2006-04-02,20501092,2005,1610612766,1610612739,0,107.6,0.4694,0.7202,0.31679999999999997,23.2,38.0,0.2,104.0,0.4546,0.7247999999999999,0.32270000000000004,22.3,38.0,0.2,2.0,0,0,106.2,0.47920000000000007,0.6921999999999999,0.4444,21.4,42.6,1.0,97.8,0.45549999999999996,0.7149,0.3616,18.1,42.2,0.7,1.0,1,7,1.3999999999999915,-0.009800000000000086,0.028000000000000025,-0.12760000000000005,1.8000000000000007,-4.600000000000001,-0.8,6.200000000000003,-0.0008999999999999564,0.009899999999999909,-0.038899999999999935,4.199999999999999,-4.200000000000003,-0.49999999999999994,1.0,-1,-7
2009-11-18,20900166,2009,1610612750,1610612745,0,89.2,0.42860000000000004,0.6928000000000001,0.2722,18.6,41.6,0.0,89.7,0.43579999999999997,0.7205,0.2831,18.9,41.9,0.0,4.0,0,0,102.6,0.44079999999999997,0.7954000000000001,0.289,23.8,44.4,0.4,105.2,0.4666,0.7736000000000001,0.36,24.2,43.5,0.6,1.0,1,0,-13.399999999999991,-0.012199999999999933,-0.10260000000000002,-0.01679999999999998,-5.199999999999999,-2.799999999999997,-0.4,-15.5,-0.03080000000000005,-0.053100000000000036,-0.07689999999999997,-5.300000000000001,-1.6000000000000014,-0.6,3.0,-1,0
2019-11-22,21900224,2019,1610612746,1610612745,1,113.4,0.4589999999999999,0.7362,0.38639999999999997,24.8,49.0,0.6,110.4,0.43409999999999993,0.7559,0.31579999999999997,22.1,52.3,0.7,2.0,0,3,113.0,0.4272,0.8308,0.34379999999999994,16.4,48.0,0.8,114.0,0.43870000000000003,0.7651999999999999,0.3543,18.6,48.1,0.8,2.0,0,0,0.4000000000000057,0.031799999999999884,-0.09460000000000002,0.04260000000000003,8.400000000000002,1.0,-0.20000000000000007,-3.5999999999999943,-0.004600000000000104,-0.009299999999999864,-0.038500000000000034,3.5,4.199999999999996,-0.10000000000000009,0.0,0,3
2006-04-09,20501143,2005,1610612759,1610612763,1,94.0,0.43479999999999996,0.761,0.4272,19.6,41.6,0.6,96.7,0.45919999999999994,0.7411,0.39990000000000003,22.1,38.3,0.6,2.0,0,0,94.8,0.46820000000000006,0.727,0.3398,20.8,38.2,0.6,96.4,0.4686,0.7145,0.3343999999999999,20.7,39.5,0.7,2.0,0,3,-0.7999999999999972,-0.033400000000000096,0.03400000000000003,0.08740000000000003,-1.1999999999999993,3.3999999999999986,0.0,0.29999999999999716,-0.009400000000000075,0.026599999999999957,0.06550000000000011,1.4000000000000021,-1.2000000000000028,-0.09999999999999998,0.0,0,-3
2006-04-05,20501115,2005,1610612759,1610612758,0,99.4,0.47520000000000007,0.7628,0.4122,23.0,40.4,0.8,99.4,0.4777,0.7143,0.38239999999999996,23.3,40.2,0.8,1.0,1,4,98.6,0.4772,0.7746000000000001,0.376,24.2,33.6,0.6,94.1,0.4447,0.7714,0.3275,21.9,37.7,0.5,1.0,1,0,0.8000000000000114,-0.0019999999999999463,-0.011800000000000033,0.03620000000000001,-1.1999999999999993,6.799999999999997,0.20000000000000007,5.300000000000011,0.03300000000000003,-0.05709999999999993,0.05489999999999995,1.4000000000000021,2.5,0.30000000000000004,0.0,0,4
2017-12-29,21700527,2017,1610612758,1610612756,0,101.6,0.46799999999999997,0.7016,0.378,21.2,41.2,0.6,99.9,0.4614,0.6961,0.3923,21.2,41.3,0.5,2.0,0,1,98.8,0.42400000000000004,0.7684,0.3444,21.6,44.0,0.6,100.3,0.4335,0.7822,0.3316,20.5,44.0,0.4,3.0,0,1,2.799999999999997,0.04399999999999993,-0.06679999999999997,0.03360000000000002,-0.40000000000000213,-2.799999999999997,0.0,-0.3999999999999915,0.02789999999999998,-0.08609999999999995,0.060699999999999976,0.6999999999999993,-2.700000000000003,0.09999999999999998,-1.0,0,0
2010-02-10,20900775,2009,1610612740,1610612738,1,102.8,0.4796,0.7726,0.42279999999999995,25.4,36.2,0.2,106.0,0.4763,0.817,0.4041,23.1,39.0,0.4,2.0,0,0,96.0,0.4845999999999999,0.7512000000000001,0.3392,24.6,39.0,0.6,94.4,0.47029999999999994,0.7605000000000001,0.3257,22.5,37.7,0.5,3.0,0,0,6.799999999999997,-0.004999999999999893,0.021399999999999864,0.08359999999999995,0.7999999999999972,-2.799999999999997,-0.39999999999999997,11.599999999999994,0.006000000000000061,0.056499999999999884,0.07840000000000003,0.6000000000000014,1.2999999999999972,-0.09999999999999998,-1.0,0,0
2021-12-25,22100488,2021,1610612752,1610612737,1,108.2,0.433,0.8312000000000002,0.3714,20.0,42.6,0.4,104.7,0.42400000000000004,0.8375999999999999,0.35429999999999995,20.7,43.3,0.3,2.0,0,0,109.6,0.461,0.858,0.34219999999999995,21.6,42.4,0.4,111.1,0.4579000000000001,0.8376000000000001,0.3846,23.3,44.3,0.4,2.0,0,1,-1.3999999999999915,-0.028000000000000025,-0.026799999999999824,0.02920000000000006,-1.6000000000000014,0.20000000000000284,0.0,-6.3999999999999915,-0.03390000000000004,-2.220446049250313e-16,-0.03030000000000005,-2.6000000000000014,-1.0,-0.10000000000000003,0.0,0,-1
2014-04-13,21301203,2013,1610612747,1610612763,0,103.8,0.4164,0.7866000000000001,0.3328,27.8,40.6,0.0,108.5,0.4560999999999999,0.8159000000000001,0.3638,27.6,39.2,0.2,2.0,0,0,100.8,0.4686,0.7252000000000001,0.3276,23.0,40.6,0.6,98.9,0.47400000000000003,0.6841,0.3599,23.1,41.5,0.6,2.0,0,2,3.0,-0.052200000000000024,0.06140000000000001,0.005199999999999982,4.800000000000001,0.0,-0.6,9.599999999999994,-0.017900000000000138,0.13180000000000003,0.0039000000000000146,4.5,-2.299999999999997,-0.39999999999999997,0.0,0,-2
2007-02-12,20600766,2006,1610612743,1610612744,1,103.6,0.454,0.7,0.3176,25.2,48.0,0.4,103.7,0.46510000000000007,0.7309,0.30429999999999996,23.0,41.9,0.3,2.0,0,2,104.8,0.42299999999999993,0.7454,0.36819999999999997,21.2,49.4,0.4,105.8,0.4447,0.7521000000000001,0.31209999999999993,21.7,43.3,0.5,1.0,1,0,-1.2000000000000028,0.031000000000000083,-0.045399999999999996,-0.05059999999999998,4.0,-1.3999999999999986,0.0,-2.0999999999999943,0.020400000000000085,-0.021200000000000108,-0.007799999999999974,1.3000000000000007,-1.3999999999999986,-0.2,1.0,-1,2
2004-12-27,20400397,2004,1610612763,1610612746,1,92.8,0.4478,0.7205999999999999,0.3952,22.2,41.6,0.6,89.1,0.4359,0.7389,0.3898,21.0,39.2,0.5,4.0,0,0,87.6,0.43899999999999995,0.7282,0.28099999999999997,20.2,38.4,0.2,93.9,0.44630000000000003,0.7749,0.2699999999999999,22.5,41.0,0.3,1.0,1,0,5.200000000000003,0.00880000000000003,-0.007600000000000051,0.11420000000000002,2.0,3.200000000000003,0.39999999999999997,-4.800000000000011,-0.01040000000000002,-0.03600000000000003,0.11980000000000007,-1.5,-1.7999999999999972,0.2,3.0,-1,0
2011-02-14,21000814,2010,1610612765,1610612737,0,94.6,0.46440000000000003,0.7628,0.386,20.4,36.8,0.4,94.5,0.4569,0.7285999999999999,0.38089999999999996,20.3,37.2,0.3,1.0,1,0,93.8,0.45280000000000004,0.7666000000000001,0.289,23.4,40.8,0.6,92.3,0.44530000000000003,0.7903,0.3055,20.8,40.0,0.5,2.0,0,0,0.7999999999999972,0.0116,-0.0038000000000000256,0.09700000000000003,-3.0,-4.0,-0.19999999999999996,2.200000000000003,0.011599999999999944,-0.06170000000000009,0.07539999999999997,-0.5,-2.799999999999997,-0.2,-1.0,1,0
2014-01-02,21300473,2013,1610612739,1610612753,1,99.4,0.43019999999999997,0.7404,0.375,19.0,43.2,0.0,102.7,0.4359,0.7815000000000001,0.3745,19.6,43.5,0.2,2.0,0,0,99.4,0.47140000000000004,0.679,0.33,23.2,42.4,0.4,95.2,0.4389,0.7687,0.35609999999999997,20.8,45.6,0.4,2.0,0,0,0.0,-0.04120000000000007,0.0613999999999999,0.044999999999999984,-4.199999999999999,0.8000000000000043,-0.4,7.5,-0.0030000000000000027,0.012800000000000034,0.018400000000000027,-1.1999999999999993,-2.1000000000000014,-0.2,0.0,0,0
2006-11-01,20600005,2006,1610612753,1610612741,1,98.6,0.42619999999999997,0.6951999999999999,0.28659999999999997,18.8,38.6,0.6,99.25,0.4475,0.731625,0.346875,19.625,39.75,0.75,6.0,0,1,98.2,0.4542,0.7208,0.3966,21.4,44.2,0.6,97.11111111111111,0.4514444444444444,0.6728888888888889,0.3295555555555556,22.555555555555557,43.666666666666664,0.7777777777777778,1.0,1,2,0.3999999999999915,-0.028000000000000025,-0.025600000000000067,-0.11000000000000004,-2.599999999999998,-5.600000000000001,0.0,2.1388888888888857,-0.003944444444444417,0.0587361111111111,0.017319444444444387,-2.930555555555557,-3.9166666666666643,-0.02777777777777779,5.0,-1,-1
2007-11-09,20700072,2007,1610612765,1610612746,1,99.2,0.4699999999999999,0.6988000000000001,0.4138,22.8,41.0,0.8,98.3,0.43889999999999996,0.7019,0.3634,21.5,42.0,0.6,1.0,1,0,105.6,0.4558,0.7566,0.38079999999999997,23.4,46.6,1.0,104.8,0.4447,0.7987,0.39249999999999996,24.0,48.1,0.8,2.0,0,7,-6.3999999999999915,0.014199999999999935,-0.05779999999999996,0.03300000000000003,-0.5999999999999979,-5.600000000000001,-0.19999999999999996,-6.5,-0.005800000000000027,-0.0968,-0.02909999999999996,-2.5,-6.100000000000001,-0.20000000000000007,-1.0,1,-7
2021-01-08,22000129,2020,1610612749,1610612762,0,126.6,0.512,0.7778,0.46040000000000003,30.4,46.4,0.8,122.7,0.4981,0.7647,0.4056,27.0,47.4,0.5,2.0,0,3,105.4,0.4506,0.631,0.37279999999999996,22.0,46.4,0.4,110.4,0.45150000000000007,0.7101000000000001,0.3669,22.9,48.5,0.6,2.0,0,0,21.19999999999999,0.06140000000000001,0.14680000000000004,0.08760000000000007,8.399999999999999,0.0,0.4,12.299999999999997,0.04659999999999992,0.05459999999999998,0.03870000000000001,4.100000000000001,-1.1000000000000014,-0.09999999999999998,0.0,0,3
2015-03-20,21401026,2014,1610612760,1610612737,1,113.4,0.4502,0.8358000000000001,0.3701999999999999,20.2,48.8,0.6,112.3,0.45780000000000004,0.8069,0.3499999999999999,21.5,49.0,0.6,2.0,0,1,98.8,0.429,0.7984,0.349,22.8,37.4,0.6,101.1,0.4532,0.7807000000000001,0.3703,24.9,38.6,0.7,2.0,0,0,14.600000000000009,0.021199999999999997,0.0374000000000001,0.02119999999999994,-2.6000000000000014,11.399999999999999,0.0,11.200000000000003,0.0046000000000000485,0.02619999999999989,-0.020300000000000096,-3.3999999999999986,10.399999999999999,-0.09999999999999998,0.0,0,1
2015-10-14,11500061,2015,1610612746,1610612766,0,90.0,0.4073333333333333,0.734,0.3156666666666666,21.666666666666668,37.333333333333336,0.3333333333333333,90.0,0.4073333333333333,0.734,0.3156666666666666,21.666666666666668,37.333333333333336,0.3333333333333333,3.0,0,0,100.66666666666667,0.4286666666666666,0.7773333333333333,0.3426666666666666,21.666666666666668,47.0,1.0,100.66666666666667,0.4286666666666666,0.7773333333333333,0.3426666666666666,21.666666666666668,47.0,1.0,3.0,0,3,-10.666666666666671,-0.02133333333333326,-0.043333333333333335,-0.027000000000000024,0.0,-9.666666666666664,-0.6666666666666667,-10.666666666666671,-0.02133333333333326,-0.043333333333333335,-0.027000000000000024,0.0,-9.666666666666664,-0.6666666666666667,0.0,0,-3
2007-10-23,10700095,2007,1610612748,1610612759,0,85.6,0.42299999999999993,0.7108000000000001,0.3436,15.4,35.6,0.0,85.66666666666667,0.41966666666666663,0.7155,0.3511666666666667,16.5,35.5,0.0,3.0,0,0,95.66666666666667,0.4586666666666666,0.6876666666666665,0.443,21.0,47.666666666666664,0.6666666666666666,95.66666666666667,0.4586666666666666,0.6876666666666665,0.443,21.0,47.666666666666664,0.6666666666666666,3.0,0,2,-10.066666666666677,-0.03566666666666668,0.02313333333333356,-0.09939999999999999,-5.6,-12.066666666666663,-0.6666666666666666,-10.0,-0.03899999999999998,0.027833333333333488,-0.09183333333333332,-4.5,-12.166666666666664,-0.6666666666666666,0.0,0,-2
2007-12-21,20700390,2007,1610612760,1610612761,1,96.0,0.4524,0.7906000000000001,0.29640000000000005,20.4,40.6,0.4,95.8,0.4382,0.7864,0.332,20.0,46.4,0.5,2.0,0,0,89.8,0.43100000000000005,0.7722,0.388,21.2,41.6,0.6,94.7,0.45099999999999996,0.7736000000000001,0.4321,21.8,41.7,0.6,2.0,0,0,6.200000000000003,0.021399999999999975,0.018400000000000083,-0.09159999999999996,-0.8000000000000007,-1.0,-0.19999999999999996,1.0999999999999943,-0.012799999999999978,0.012799999999999923,-0.10009999999999997,-1.8000000000000007,4.699999999999996,-0.09999999999999998,0.0,0,0
2006-12-27,20600422,2006,1610612741,1610612748,1,101.0,0.4626,0.7434000000000001,0.3489999999999999,21.4,40.6,0.6,100.1,0.4596,0.7566,0.35439999999999994,22.3,42.8,0.7,1.0,1,0,100.0,0.49160000000000004,0.7624,0.38099999999999995,22.6,41.6,0.8,98.3,0.4667,0.7501,0.3432,22.0,42.3,0.6,2.0,0,2,1.0,-0.029000000000000026,-0.018999999999999906,-0.03200000000000003,-1.2000000000000028,-1.0,-0.20000000000000007,1.7999999999999972,-0.007099999999999995,0.006500000000000061,0.011199999999999932,0.3000000000000007,0.5,0.09999999999999998,-1.0,1,-2
2022-12-21,22200468,2022,1610612737,1610612741,0,120.2,0.4788,0.8296000000000001,0.37839999999999996,26.4,41.0,0.6,116.2,0.4796,0.8012,0.3353,24.2,42.8,0.5,2.0,0,2,114.4,0.5134000000000001,0.8295999999999999,0.364,26.8,38.4,0.2,115.6,0.5105999999999999,0.8065,0.36669999999999997,26.2,39.5,0.3,1.0,1,1,5.799999999999997,-0.034600000000000075,2.220446049250313e-16,0.014399999999999968,-0.40000000000000213,2.6000000000000014,0.39999999999999997,0.6000000000000085,-0.030999999999999917,-0.005299999999999971,-0.031399999999999983,-2.0,3.299999999999997,0.2,1.0,-1,1
2006-11-17,20600120,2006,1610612738,1610612757,1,101.2,0.44919999999999993,0.7071999999999999,0.4486,22.4,43.0,0.4,100.7,0.4574,0.726,0.41340000000000005,22.0,43.9,0.2,2.0,0,1,93.0,0.44480000000000003,0.788,0.32419999999999993,15.2,33.8,0.4,91.9,0.4478,0.7739,0.2975,16.1,36.9,0.4,2.0,0,0,8.200000000000003,0.004399999999999904,-0.0808000000000001,0.12440000000000007,7.199999999999999,9.200000000000003,0.0,8.799999999999997,0.009599999999999997,-0.047900000000000054,0.11590000000000006,5.899999999999999,7.0,-0.2,0.0,0,1
2021-06-06,42000201,2020,1610612755,1610612737,0,124.0,0.5134000000000001,0.6938,0.3812,26.6,44.8,0.8,117.6,0.49160000000000004,0.749,0.374,26.8,42.0,0.7,4.0,0,1,104.0,0.4438,0.8116,0.3738,20.6,44.2,0.8,113.1,0.47009999999999996,0.8126,0.3632,22.6,46.6,0.8,4.0,0,3,20.0,0.0696000000000001,-0.11780000000000002,0.007399999999999962,6.0,0.5999999999999943,0.0,4.5,0.021500000000000075,-0.06359999999999999,0.010799999999999976,4.199999999999999,-4.600000000000001,-0.10000000000000009,0.0,0,-2
2016-11-06,21600089,2016,1610612761,1610612758,0,102.8,0.466,0.8202,0.26139999999999997,16.0,45.2,0.8,102.2,0.45680000000000004,0.8135999999999999,0.30469999999999997,16.7,42.3,0.6,2.0,0,3,96.4,0.4378,0.7464000000000001,0.34879999999999994,21.2,39.4,0.2,101.8,0.4708,0.7798999999999999,0.365,23.1,40.4,0.4,1.0,1,0,6.3999999999999915,0.028200000000000003,0.07379999999999998,-0.08739999999999998,-5.199999999999999,5.800000000000004,0.6000000000000001,0.4000000000000057,-0.013999999999999957,0.03369999999999995,-0.06030000000000002,-6.400000000000002,1.8999999999999986,0.19999999999999996,1.0,-1,3
2007-02-03,20600708,2006,1610612757,1610612741,0,100.4,0.433,0.7568,0.40199999999999997,20.8,40.6,0.4,99.0,0.44489999999999996,0.7474999999999999,0.39239999999999997,20.2,41.8,0.5,1.0,1,0,99.0,0.46020000000000005,0.7448,0.3556,21.2,46.4,0.8,98.0,0.46069999999999994,0.7365999999999999,0.35019999999999996,21.5,46.3,0.7,1.0,1,1,1.4000000000000057,-0.027200000000000057,0.01200000000000001,0.04639999999999994,-0.3999999999999986,-5.799999999999997,-0.4,1.0,-0.01579999999999998,0.01090000000000002,0.042200000000000015,-1.3000000000000007,-4.5,-0.19999999999999996,0.0,0,-1
2019-03-18,21801050,2018,1610612739,1610612765,1,108.4,0.4433999999999999,0.8805999999999999,0.36879999999999996,20.4,38.4,0.2,108.4,0.4324,0.8544,0.37670000000000003,20.6,39.6,0.3,2.0,0,0,100.2,0.41339999999999993,0.726,0.3452,23.8,44.8,0.6,107.8,0.45120000000000005,0.7451000000000001,0.37829999999999997,24.2,44.5,0.7,1.0,1,2,8.200000000000003,0.02999999999999997,0.15459999999999996,0.023599999999999954,-3.400000000000002,-6.399999999999999,-0.39999999999999997,0.6000000000000085,-0.01880000000000004,0.10929999999999995,-0.0015999999999999348,-3.599999999999998,-4.899999999999999,-0.39999999999999997,1.0,-1,-2
2021-12-16,22100431,2021,1610612745,1610612752,0,111.0,0.4648,0.6718,0.3344,25.0,40.8,0.4,115.3,0.4756,0.7196,0.3659,27.4,42.0,0.7,1.0,1,0,100.6,0.40759999999999996,0.8638,0.35340000000000005,20.4,43.0,0.2,102.3,0.4241,0.8361000000000001,0.3444,20.4,43.7,0.2,2.0,0,0,10.400000000000006,0.05720000000000003,-0.19200000000000006,-0.019000000000000072,4.600000000000001,-2.200000000000003,0.2,13.0,0.051500000000000046,-0.11650000000000005,0.02150000000000002,7.0,-1.7000000000000028,0.49999999999999994,-1.0,1,0
2004-06-08,40300402,2003,1610612747,1610612765,1,91.8,0.45519999999999994,0.6100000000000001,0.248,24.8,41.2,0.6,88.7,0.4495,0.6103,0.257,22.5,40.4,0.7,2.0,0,0,78.4,0.3907999999999999,0.7495999999999999,0.27799999999999997,17.2,43.4,0.8,82.9,0.3928999999999999,0.7291000000000001,0.2694,18.9,44.7,0.7,2.0,0,3,13.399999999999991,0.06440000000000001,-0.13959999999999984,-0.02999999999999997,7.600000000000001,-2.1999999999999957,-0.20000000000000007,5.799999999999997,0.056600000000000095,-0.11880000000000013,-0.012399999999999967,3.6000000000000014,-4.300000000000004,0.0,0.0,0,-3
